data;ano;mes;nome_mes;trimestre;dia;dia_semana;fim_de_semana;ano_mes
2025-01-01;2025;1;Janeiro;1;1;Quarta-feira;False;2025-01
2025-01-02;2025;1;Janeiro;1;2;Quinta-feira;False;2025-01
2025-01-03;2025;1;Janeiro;1;3;Sexta-feira;False;2025-01
2025-01-04;2025;1;Janeiro;1;4;Sábado;True;2025-01
2025-01-05;2025;1;Janeiro;1;5;Domingo;True;2025-01
2025-01-06;2025;1;Janeiro;1;6;Segunda-feira;False;2025-01
2025-01-07;2025;1;Janeiro;1;7;Terça-feira;False;2025-01
2025-01-08;2025;1;Janeiro;1;8;Quarta-feira;False;2025-01
2025-01-09;2025;1;Janeiro;1;9;Quinta-feira;False;2025-01
2025-01-10;2025;1;Janeiro;1;10;Sexta-feira;False;2025-01
2025-01-11;2025;1;Janeiro;1;11;Sábado;True;2025-01
2025-01-12;2025;1;Janeiro;1;12;Domingo;True;2025-01
2025-01-13;2025;1;Janeiro;1;13;Segunda-feira;False;2025-01
2025-01-14;2025;1;Janeiro;1;14;Terça-feira;False;2025-01
2025-01-15;2025;1;Janeiro;1;15;Quarta-feira;False;2025-01
2025-01-16;2025;1;Janeiro;1;16;Quinta-feira;False;2025-01
2025-01-17;2025;1;Janeiro;1;17;Sexta-feira;False;2025-01
2025-01-18;2025;1;Janeiro;1;18;Sábado;True;2025-01
2025-01-19;2025;1;Janeiro;1;19;Domingo;True;2025-01
2025-01-20;2025;1;Janeiro;1;20;Segunda-feira;False;2025-01
2025-01-21;2025;1;Janeiro;1;21;Terça-feira;False;2025-01
2025-01-22;2025;1;Janeiro;1;22;Quarta-feira;False;2025-01
2025-01-23;2025;1;Janeiro;1;23;Quinta-feira;False;2025-01
2025-01-24;2025;1;Janeiro;1;24;Sexta-feira;False;2025-01
2025-01-25;2025;1;Janeiro;1;25;Sábado;True;2025-01
2025-01-26;2025;1;Janeiro;1;26;Domingo;True;2025-01
2025-01-27;2025;1;Janeiro;1;27;Segunda-feira;False;2025-01
2025-01-28;2025;1;Janeiro;1;28;Terça-feira;False;2025-01
2025-01-29;2025;1;Janeiro;1;29;Quarta-feira;False;2025-01
2025-01-30;2025;1;Janeiro;1;30;Quinta-feira;False;2025-01
2025-01-31;2025;1;Janeiro;1;31;Sexta-feira;False;2025-01
2025-02-01;2025;2;Fevereiro;1;1;Sábado;True;2025-02
2025-02-02;2025;2;Fevereiro;1;2;Domingo;True;2025-02
2025-02-03;2025;2;Fevereiro;1;3;Segunda-feira;False;2025-02
2025-02-04;2025;2;Fevereiro;1;4;Terça-feira;False;2025-02
2025-02-05;2025;2;Fevereiro;1;5;Quarta-feira;False;2025-02
2025-02-06;2025;2;Fevereiro;1;6;Quinta-feira;False;2025-02
2025-02-07;2025;2;Fevereiro;1;7;Sexta-feira;False;2025-02
2025-02-08;2025;2;Fevereiro;1;8;Sábado;True;2025-02
2025-02-09;2025;2;Fevereiro;1;9;Domingo;True;2025-02
2025-02-10;2025;2;Fevereiro;1;10;Segunda-feira;False;2025-02
2025-02-11;2025;2;Fevereiro;1;11;Terça-feira;False;2025-02
2025-02-12;2025;2;Fevereiro;1;12;Quarta-feira;False;2025-02
2025-02-13;2025;2;Fevereiro;1;13;Quinta-feira;False;2025-02
2025-02-14;2025;2;Fevereiro;1;14;Sexta-feira;False;2025-02
2025-02-15;2025;2;Fevereiro;1;15;Sábado;True;2025-02
2025-02-16;2025;2;Fevereiro;1;16;Domingo;True;2025-02
2025-02-17;2025;2;Fevereiro;1;17;Segunda-feira;False;2025-02
2025-02-18;2025;2;Fevereiro;1;18;Terça-feira;False;2025-02
2025-02-19;2025;2;Fevereiro;1;19;Quarta-feira;False;2025-02
2025-02-20;2025;2;Fevereiro;1;20;Quinta-feira;False;2025-02
2025-02-21;2025;2;Fevereiro;1;21;Sexta-feira;False;2025-02
2025-02-22;2025;2;Fevereiro;1;22;Sábado;True;2025-02
2025-02-23;2025;2;Fevereiro;1;23;Domingo;True;2025-02
2025-02-24;2025;2;Fevereiro;1;24;Segunda-feira;False;2025-02
2025-02-25;2025;2;Fevereiro;1;25;Terça-feira;False;2025-02
2025-02-26;2025;2;Fevereiro;1;26;Quarta-feira;False;2025-02
2025-02-27;2025;2;Fevereiro;1;27;Quinta-feira;False;2025-02
2025-02-28;2025;2;Fevereiro;1;28;Sexta-feira;False;2025-02
2025-03-01;2025;3;Março;1;1;Sábado;True;2025-03
2025-03-02;2025;3;Março;1;2;Domingo;True;2025-03
2025-03-03;2025;3;Março;1;3;Segunda-feira;False;2025-03
2025-03-04;2025;3;Março;1;4;Terça-feira;False;2025-03
2025-03-05;2025;3;Março;1;5;Quarta-feira;False;2025-03
2025-03-06;2025;3;Março;1;6;Quinta-feira;False;2025-03
2025-03-07;2025;3;Março;1;7;Sexta-feira;False;2025-03
2025-03-08;2025;3;Março;1;8;Sábado;True;2025-03
2025-03-09;2025;3;Março;1;9;Domingo;True;2025-03
2025-03-10;2025;3;Março;1;10;Segunda-feira;False;2025-03
2025-03-11;2025;3;Março;1;11;Terça-feira;False;2025-03
2025-03-12;2025;3;Março;1;12;Quarta-feira;False;2025-03
2025-03-13;2025;3;Março;1;13;Quinta-feira;False;2025-03
2025-03-14;2025;3;Março;1;14;Sexta-feira;False;2025-03
2025-03-15;2025;3;Março;1;15;Sábado;True;2025-03
2025-03-16;2025;3;Março;1;16;Domingo;True;2025-03
2025-03-17;2025;3;Março;1;17;Segunda-feira;False;2025-03
2025-03-18;2025;3;Março;1;18;Terça-feira;False;2025-03
2025-03-19;2025;3;Março;1;19;Quarta-feira;False;2025-03
2025-03-20;2025;3;Março;1;20;Quinta-feira;False;2025-03
2025-03-21;2025;3;Março;1;21;Sexta-feira;False;2025-03
2025-03-22;2025;3;Março;1;22;Sábado;True;2025-03
2025-03-23;2025;3;Março;1;23;Domingo;True;2025-03
2025-03-24;2025;3;Março;1;24;Segunda-feira;False;2025-03
2025-03-25;2025;3;Março;1;25;Terça-feira;False;2025-03
2025-03-26;2025;3;Março;1;26;Quarta-feira;False;2025-03
2025-03-27;2025;3;Março;1;27;Quinta-feira;False;2025-03
2025-03-28;2025;3;Março;1;28;Sexta-feira;False;2025-03
2025-03-29;2025;3;Março;1;29;Sábado;True;2025-03
2025-03-30;2025;3;Março;1;30;Domingo;True;2025-03
2025-03-31;2025;3;Março;1;31;Segunda-feira;False;2025-03
2025-04-01;2025;4;Abril;2;1;Terça-feira;False;2025-04
2025-04-02;2025;4;Abril;2;2;Quarta-feira;False;2025-04
2025-04-03;2025;4;Abril;2;3;Quinta-feira;False;2025-04
2025-04-04;2025;4;Abril;2;4;Sexta-feira;False;2025-04
2025-04-05;2025;4;Abril;2;5;Sábado;True;2025-04
2025-04-06;2025;4;Abril;2;6;Domingo;True;2025-04
2025-04-07;2025;4;Abril;2;7;Segunda-feira;False;2025-04
2025-04-08;2025;4;Abril;2;8;Terça-feira;False;2025-04
2025-04-09;2025;4;Abril;2;9;Quarta-feira;False;2025-04
2025-04-10;2025;4;Abril;2;10;Quinta-feira;False;2025-04
2025-04-11;2025;4;Abril;2;11;Sexta-feira;False;2025-04
2025-04-12;2025;4;Abril;2;12;Sábado;True;2025-04
2025-04-13;2025;4;Abril;2;13;Domingo;True;2025-04
2025-04-14;2025;4;Abril;2;14;Segunda-feira;False;2025-04
2025-04-15;2025;4;Abril;2;15;Terça-feira;False;2025-04
2025-04-16;2025;4;Abril;2;16;Quarta-feira;False;2025-04
2025-04-17;2025;4;Abril;2;17;Quinta-feira;False;2025-04
2025-04-18;2025;4;Abril;2;18;Sexta-feira;False;2025-04
2025-04-19;2025;4;Abril;2;19;Sábado;True;2025-04
2025-04-20;2025;4;Abril;2;20;Domingo;True;2025-04
2025-04-21;2025;4;Abril;2;21;Segunda-feira;False;2025-04
2025-04-22;2025;4;Abril;2;22;Terça-feira;False;2025-04
2025-04-23;2025;4;Abril;2;23;Quarta-feira;False;2025-04
2025-04-24;2025;4;Abril;2;24;Quinta-feira;False;2025-04
2025-04-25;2025;4;Abril;2;25;Sexta-feira;False;2025-04
2025-04-26;2025;4;Abril;2;26;Sábado;True;2025-04
2025-04-27;2025;4;Abril;2;27;Domingo;True;2025-04
2025-04-28;2025;4;Abril;2;28;Segunda-feira;False;2025-04
2025-04-29;2025;4;Abril;2;29;Terça-feira;False;2025-04
2025-04-30;2025;4;Abril;2;30;Quarta-feira;False;2025-04
2025-05-01;2025;5;Maio;2;1;Quinta-feira;False;2025-05
2025-05-02;2025;5;Maio;2;2;Sexta-feira;False;2025-05
2025-05-03;2025;5;Maio;2;3;Sábado;True;2025-05
2025-05-04;2025;5;Maio;2;4;Domingo;True;2025-05
2025-05-05;2025;5;Maio;2;5;Segunda-feira;False;2025-05
2025-05-06;2025;5;Maio;2;6;Terça-feira;False;2025-05
2025-05-07;2025;5;Maio;2;7;Quarta-feira;False;2025-05
2025-05-08;2025;5;Maio;2;8;Quinta-feira;False;2025-05
2025-05-09;2025;5;Maio;2;9;Sexta-feira;False;2025-05
2025-05-10;2025;5;Maio;2;10;Sábado;True;2025-05
2025-05-11;2025;5;Maio;2;11;Domingo;True;2025-05
2025-05-12;2025;5;Maio;2;12;Segunda-feira;False;2025-05
2025-05-13;2025;5;Maio;2;13;Terça-feira;False;2025-05
2025-05-14;2025;5;Maio;2;14;Quarta-feira;False;2025-05
2025-05-15;2025;5;Maio;2;15;Quinta-feira;False;2025-05
2025-05-16;2025;5;Maio;2;16;Sexta-feira;False;2025-05
2025-05-17;2025;5;Maio;2;17;Sábado;True;2025-05
2025-05-18;2025;5;Maio;2;18;Domingo;True;2025-05
2025-05-19;2025;5;Maio;2;19;Segunda-feira;False;2025-05
2025-05-20;2025;5;Maio;2;20;Terça-feira;False;2025-05
2025-05-21;2025;5;Maio;2;21;Quarta-feira;False;2025-05
2025-05-22;2025;5;Maio;2;22;Quinta-feira;False;2025-05
2025-05-23;2025;5;Maio;2;23;Sexta-feira;False;2025-05
2025-05-24;2025;5;Maio;2;24;Sábado;True;2025-05
2025-05-25;2025;5;Maio;2;25;Domingo;True;2025-05
2025-05-26;2025;5;Maio;2;26;Segunda-feira;False;2025-05
2025-05-27;2025;5;Maio;2;27;Terça-feira;False;2025-05
2025-05-28;2025;5;Maio;2;28;Quarta-feira;False;2025-05
2025-05-29;2025;5;Maio;2;29;Quinta-feira;False;2025-05
2025-05-30;2025;5;Maio;2;30;Sexta-feira;False;2025-05
2025-05-31;2025;5;Maio;2;31;Sábado;True;2025-05
2025-06-01;2025;6;Junho;2;1;Domingo;True;2025-06
2025-06-02;2025;6;Junho;2;2;Segunda-feira;False;2025-06
2025-06-03;2025;6;Junho;2;3;Terça-feira;False;2025-06
2025-06-04;2025;6;Junho;2;4;Quarta-feira;False;2025-06
2025-06-05;2025;6;Junho;2;5;Quinta-feira;False;2025-06
2025-06-06;2025;6;Junho;2;6;Sexta-feira;False;2025-06
2025-06-07;2025;6;Junho;2;7;Sábado;True;2025-06
2025-06-08;2025;6;Junho;2;8;Domingo;True;2025-06
2025-06-09;2025;6;Junho;2;9;Segunda-feira;False;2025-06
2025-06-10;2025;6;Junho;2;10;Terça-feira;False;2025-06
2025-06-11;2025;6;Junho;2;11;Quarta-feira;False;2025-06
2025-06-12;2025;6;Junho;2;12;Quinta-feira;False;2025-06
2025-06-13;2025;6;Junho;2;13;Sexta-feira;False;2025-06
2025-06-14;2025;6;Junho;2;14;Sábado;True;2025-06
2025-06-15;2025;6;Junho;2;15;Domingo;True;2025-06
2025-06-16;2025;6;Junho;2;16;Segunda-feira;False;2025-06
2025-06-17;2025;6;Junho;2;17;Terça-feira;False;2025-06
2025-06-18;2025;6;Junho;2;18;Quarta-feira;False;2025-06
2025-06-19;2025;6;Junho;2;19;Quinta-feira;False;2025-06
2025-06-20;2025;6;Junho;2;20;Sexta-feira;False;2025-06
2025-06-21;2025;6;Junho;2;21;Sábado;True;2025-06
2025-06-22;2025;6;Junho;2;22;Domingo;True;2025-06
2025-06-23;2025;6;Junho;2;23;Segunda-feira;False;2025-06
2025-06-24;2025;6;Junho;2;24;Terça-feira;False;2025-06
2025-06-25;2025;6;Junho;2;25;Quarta-feira;False;2025-06
2025-06-26;2025;6;Junho;2;26;Quinta-feira;False;2025-06
2025-06-27;2025;6;Junho;2;27;Sexta-feira;False;2025-06
2025-06-28;2025;6;Junho;2;28;Sábado;True;2025-06
2025-06-29;2025;6;Junho;2;29;Domingo;True;2025-06
2025-06-30;2025;6;Junho;2;30;Segunda-feira;False;2025-06
2025-07-01;2025;7;Julho;3;1;Terça-feira;False;2025-07
2025-07-02;2025;7;Julho;3;2;Quarta-feira;False;2025-07
2025-07-03;2025;7;Julho;3;3;Quinta-feira;False;2025-07
2025-07-04;2025;7;Julho;3;4;Sexta-feira;False;2025-07
2025-07-05;2025;7;Julho;3;5;Sábado;True;2025-07
2025-07-06;2025;7;Julho;3;6;Domingo;True;2025-07
2025-07-07;2025;7;Julho;3;7;Segunda-feira;False;2025-07
2025-07-08;2025;7;Julho;3;8;Terça-feira;False;2025-07
2025-07-09;2025;7;Julho;3;9;Quarta-feira;False;2025-07
2025-07-10;2025;7;Julho;3;10;Quinta-feira;False;2025-07
2025-07-11;2025;7;Julho;3;11;Sexta-feira;False;2025-07
2025-07-12;2025;7;Julho;3;12;Sábado;True;2025-07
2025-07-13;2025;7;Julho;3;13;Domingo;True;2025-07
2025-07-14;2025;7;Julho;3;14;Segunda-feira;False;2025-07
2025-07-15;2025;7;Julho;3;15;Terça-feira;False;2025-07
2025-07-16;2025;7;Julho;3;16;Quarta-feira;False;2025-07
2025-07-17;2025;7;Julho;3;17;Quinta-feira;False;2025-07
2025-07-18;2025;7;Julho;3;18;Sexta-feira;False;2025-07
2025-07-19;2025;7;Julho;3;19;Sábado;True;2025-07
2025-07-20;2025;7;Julho;3;20;Domingo;True;2025-07
2025-07-21;2025;7;Julho;3;21;Segunda-feira;False;2025-07
2025-07-22;2025;7;Julho;3;22;Terça-feira;False;2025-07
2025-07-23;2025;7;Julho;3;23;Quarta-feira;False;2025-07
2025-07-24;2025;7;Julho;3;24;Quinta-feira;False;2025-07
2025-07-25;2025;7;Julho;3;25;Sexta-feira;False;2025-07
2025-07-26;2025;7;Julho;3;26;Sábado;True;2025-07
2025-07-27;2025;7;Julho;3;27;Domingo;True;2025-07
2025-07-28;2025;7;Julho;3;28;Segunda-feira;False;2025-07
2025-07-29;2025;7;Julho;3;29;Terça-feira;False;2025-07
2025-07-30;2025;7;Julho;3;30;Quarta-feira;False;2025-07
2025-07-31;2025;7;Julho;3;31;Quinta-feira;False;2025-07
2025-08-01;2025;8;Agosto;3;1;Sexta-feira;False;2025-08
2025-08-02;2025;8;Agosto;3;2;Sábado;True;2025-08
2025-08-03;2025;8;Agosto;3;3;Domingo;True;2025-08
2025-08-04;2025;8;Agosto;3;4;Segunda-feira;False;2025-08
2025-08-05;2025;8;Agosto;3;5;Terça-feira;False;2025-08
2025-08-06;2025;8;Agosto;3;6;Quarta-feira;False;2025-08
2025-08-07;2025;8;Agosto;3;7;Quinta-feira;False;2025-08
2025-08-08;2025;8;Agosto;3;8;Sexta-feira;False;2025-08
2025-08-09;2025;8;Agosto;3;9;Sábado;True;2025-08
2025-08-10;2025;8;Agosto;3;10;Domingo;True;2025-08
2025-08-11;2025;8;Agosto;3;11;Segunda-feira;False;2025-08
2025-08-12;2025;8;Agosto;3;12;Terça-feira;False;2025-08
2025-08-13;2025;8;Agosto;3;13;Quarta-feira;False;2025-08
2025-08-14;2025;8;Agosto;3;14;Quinta-feira;False;2025-08
2025-08-15;2025;8;Agosto;3;15;Sexta-feira;False;2025-08
2025-08-16;2025;8;Agosto;3;16;Sábado;True;2025-08
2025-08-17;2025;8;Agosto;3;17;Domingo;True;2025-08
2025-08-18;2025;8;Agosto;3;18;Segunda-feira;False;2025-08
2025-08-19;2025;8;Agosto;3;19;Terça-feira;False;2025-08
2025-08-20;2025;8;Agosto;3;20;Quarta-feira;False;2025-08
2025-08-21;2025;8;Agosto;3;21;Quinta-feira;False;2025-08
2025-08-22;2025;8;Agosto;3;22;Sexta-feira;False;2025-08
2025-08-23;2025;8;Agosto;3;23;Sábado;True;2025-08
2025-08-24;2025;8;Agosto;3;24;Domingo;True;2025-08
2025-08-25;2025;8;Agosto;3;25;Segunda-feira;False;2025-08
2025-08-26;2025;8;Agosto;3;26;Terça-feira;False;2025-08
2025-08-27;2025;8;Agosto;3;27;Quarta-feira;False;2025-08
2025-08-28;2025;8;Agosto;3;28;Quinta-feira;False;2025-08
2025-08-29;2025;8;Agosto;3;29;Sexta-feira;False;2025-08
2025-08-30;2025;8;Agosto;3;30;Sábado;True;2025-08
2025-08-31;2025;8;Agosto;3;31;Domingo;True;2025-08
2025-09-01;2025;9;Setembro;3;1;Segunda-feira;False;2025-09
2025-09-02;2025;9;Setembro;3;2;Terça-feira;False;2025-09
2025-09-03;2025;9;Setembro;3;3;Quarta-feira;False;2025-09
2025-09-04;2025;9;Setembro;3;4;Quinta-feira;False;2025-09
2025-09-05;2025;9;Setembro;3;5;Sexta-feira;False;2025-09
2025-09-06;2025;9;Setembro;3;6;Sábado;True;2025-09
2025-09-07;2025;9;Setembro;3;7;Domingo;True;2025-09
2025-09-08;2025;9;Setembro;3;8;Segunda-feira;False;2025-09
2025-09-09;2025;9;Setembro;3;9;Terça-feira;False;2025-09
2025-09-10;2025;9;Setembro;3;10;Quarta-feira;False;2025-09
2025-09-11;2025;9;Setembro;3;11;Quinta-feira;False;2025-09
2025-09-12;2025;9;Setembro;3;12;Sexta-feira;False;2025-09
2025-09-13;2025;9;Setembro;3;13;Sábado;True;2025-09
2025-09-14;2025;9;Setembro;3;14;Domingo;True;2025-09
2025-09-15;2025;9;Setembro;3;15;Segunda-feira;False;2025-09
2025-09-16;2025;9;Setembro;3;16;Terça-feira;False;2025-09
2025-09-17;2025;9;Setembro;3;17;Quarta-feira;False;2025-09
2025-09-18;2025;9;Setembro;3;18;Quinta-feira;False;2025-09
2025-09-19;2025;9;Setembro;3;19;Sexta-feira;False;2025-09
2025-09-20;2025;9;Setembro;3;20;Sábado;True;2025-09
2025-09-21;2025;9;Setembro;3;21;Domingo;True;2025-09
2025-09-22;2025;9;Setembro;3;22;Segunda-feira;False;2025-09
2025-09-23;2025;9;Setembro;3;23;Terça-feira;False;2025-09
2025-09-24;2025;9;Setembro;3;24;Quarta-feira;False;2025-09
2025-09-25;2025;9;Setembro;3;25;Quinta-feira;False;2025-09
2025-09-26;2025;9;Setembro;3;26;Sexta-feira;False;2025-09
2025-09-27;2025;9;Setembro;3;27;Sábado;True;2025-09
2025-09-28;2025;9;Setembro;3;28;Domingo;True;2025-09
2025-09-29;2025;9;Setembro;3;29;Segunda-feira;False;2025-09
2025-09-30;2025;9;Setembro;3;30;Terça-feira;False;2025-09
2025-10-01;2025;10;Outubro;4;1;Quarta-feira;False;2025-10
2025-10-02;2025;10;Outubro;4;2;Quinta-feira;False;2025-10
2025-10-03;2025;10;Outubro;4;3;Sexta-feira;False;2025-10
2025-10-04;2025;10;Outubro;4;4;Sábado;True;2025-10
2025-10-05;2025;10;Outubro;4;5;Domingo;True;2025-10
2025-10-06;2025;10;Outubro;4;6;Segunda-feira;False;2025-10
2025-10-07;2025;10;Outubro;4;7;Terça-feira;False;2025-10
2025-10-08;2025;10;Outubro;4;8;Quarta-feira;False;2025-10
2025-10-09;2025;10;Outubro;4;9;Quinta-feira;False;2025-10
2025-10-10;2025;10;Outubro;4;10;Sexta-feira;False;2025-10
2025-10-11;2025;10;Outubro;4;11;Sábado;True;2025-10
2025-10-12;2025;10;Outubro;4;12;Domingo;True;2025-10
2025-10-13;2025;10;Outubro;4;13;Segunda-feira;False;2025-10
2025-10-14;2025;10;Outubro;4;14;Terça-feira;False;2025-10
2025-10-15;2025;10;Outubro;4;15;Quarta-feira;False;2025-10
2025-10-16;2025;10;Outubro;4;16;Quinta-feira;False;2025-10
2025-10-17;2025;10;Outubro;4;17;Sexta-feira;False;2025-10
2025-10-18;2025;10;Outubro;4;18;Sábado;True;2025-10
2025-10-19;2025;10;Outubro;4;19;Domingo;True;2025-10
2025-10-20;2025;10;Outubro;4;20;Segunda-feira;False;2025-10
2025-10-21;2025;10;Outubro;4;21;Terça-feira;False;2025-10
2025-10-22;2025;10;Outubro;4;22;Quarta-feira;False;2025-10
2025-10-23;2025;10;Outubro;4;23;Quinta-feira;False;2025-10
2025-10-24;2025;10;Outubro;4;24;Sexta-feira;False;2025-10
2025-10-25;2025;10;Outubro;4;25;Sábado;True;2025-10
2025-10-26;2025;10;Outubro;4;26;Domingo;True;2025-10
2025-10-27;2025;10;Outubro;4;27;Segunda-feira;False;2025-10
2025-10-28;2025;10;Outubro;4;28;Terça-feira;False;2025-10
2025-10-29;2025;10;Outubro;4;29;Quarta-feira;False;2025-10
2025-10-30;2025;10;Outubro;4;30;Quinta-feira;False;2025-10
2025-10-31;2025;10;Outubro;4;31;Sexta-feira;False;2025-10
2025-11-01;2025;11;Novembro;4;1;Sábado;True;2025-11
2025-11-02;2025;11;Novembro;4;2;Domingo;True;2025-11
2025-11-03;2025;11;Novembro;4;3;Segunda-feira;False;2025-11
2025-11-04;2025;11;Novembro;4;4;Terça-feira;False;2025-11
2025-11-05;2025;11;Novembro;4;5;Quarta-feira;False;2025-11
2025-11-06;2025;11;Novembro;4;6;Quinta-feira;False;2025-11
2025-11-07;2025;11;Novembro;4;7;Sexta-feira;False;2025-11
2025-11-08;2025;11;Novembro;4;8;Sábado;True;2025-11
2025-11-09;2025;11;Novembro;4;9;Domingo;True;2025-11
2025-11-10;2025;11;Novembro;4;10;Segunda-feira;False;2025-11
2025-11-11;2025;11;Novembro;4;11;Terça-feira;False;2025-11
2025-11-12;2025;11;Novembro;4;12;Quarta-feira;False;2025-11
2025-11-13;2025;11;Novembro;4;13;Quinta-feira;False;2025-11
2025-11-14;2025;11;Novembro;4;14;Sexta-feira;False;2025-11
2025-11-15;2025;11;Novembro;4;15;Sábado;True;2025-11
2025-11-16;2025;11;Novembro;4;16;Domingo;True;2025-11
2025-11-17;2025;11;Novembro;4;17;Segunda-feira;False;2025-11
2025-11-18;2025;11;Novembro;4;18;Terça-feira;False;2025-11
2025-11-19;2025;11;Novembro;4;19;Quarta-feira;False;2025-11
2025-11-20;2025;11;Novembro;4;20;Quinta-feira;False;2025-11
2025-11-21;2025;11;Novembro;4;21;Sexta-feira;False;2025-11
2025-11-22;2025;11;Novembro;4;22;Sábado;True;2025-11
2025-11-23;2025;11;Novembro;4;23;Domingo;True;2025-11
2025-11-24;2025;11;Novembro;4;24;Segunda-feira;False;2025-11
2025-11-25;2025;11;Novembro;4;25;Terça-feira;False;2025-11
2025-11-26;2025;11;Novembro;4;26;Quarta-feira;False;2025-11
2025-11-27;2025;11;Novembro;4;27;Quinta-feira;False;2025-11
2025-11-28;2025;11;Novembro;4;28;Sexta-feira;False;2025-11
2025-11-29;2025;11;Novembro;4;29;Sábado;True;2025-11
2025-11-30;2025;11;Novembro;4;30;Domingo;True;2025-11
2025-12-01;2025;12;Dezembro;4;1;Segunda-feira;False;2025-12
2025-12-02;2025;12;Dezembro;4;2;Terça-feira;False;2025-12
2025-12-03;2025;12;Dezembro;4;3;Quarta-feira;False;2025-12
2025-12-04;2025;12;Dezembro;4;4;Quinta-feira;False;2025-12
2025-12-05;2025;12;Dezembro;4;5;Sexta-feira;False;2025-12
2025-12-06;2025;12;Dezembro;4;6;Sábado;True;2025-12
2025-12-07;2025;12;Dezembro;4;7;Domingo;True;2025-12
2025-12-08;2025;12;Dezembro;4;8;Segunda-feira;False;2025-12
2025-12-09;2025;12;Dezembro;4;9;Terça-feira;False;2025-12
2025-12-10;2025;12;Dezembro;4;10;Quarta-feira;False;2025-12
2025-12-11;2025;12;Dezembro;4;11;Quinta-feira;False;2025-12
2025-12-12;2025;12;Dezembro;4;12;Sexta-feira;False;2025-12
2025-12-13;2025;12;Dezembro;4;13;Sábado;True;2025-12
2025-12-14;2025;12;Dezembro;4;14;Domingo;True;2025-12
2025-12-15;2025;12;Dezembro;4;15;Segunda-feira;False;2025-12
2025-12-16;2025;12;Dezembro;4;16;Terça-feira;False;2025-12
2025-12-17;2025;12;Dezembro;4;17;Quarta-feira;False;2025-12
2025-12-18;2025;12;Dezembro;4;18;Quinta-feira;False;2025-12
2025-12-19;2025;12;Dezembro;4;19;Sexta-feira;False;2025-12
2025-12-20;2025;12;Dezembro;4;20;Sábado;True;2025-12
2025-12-21;2025;12;Dezembro;4;21;Domingo;True;2025-12
2025-12-22;2025;12;Dezembro;4;22;Segunda-feira;False;2025-12
2025-12-23;2025;12;Dezembro;4;23;Terça-feira;False;2025-12
2025-12-24;2025;12;Dezembro;4;24;Quarta-feira;False;2025-12
2025-12-25;2025;12;Dezembro;4;25;Quinta-feira;False;2025-12
2025-12-26;2025;12;Dezembro;4;26;Sexta-feira;False;2025-12
2025-12-27;2025;12;Dezembro;4;27;Sábado;True;2025-12
2025-12-28;2025;12;Dezembro;4;28;Domingo;True;2025-12
2025-12-29;2025;12;Dezembro;4;29;Segunda-feira;False;2025-12
2025-12-30;2025;12;Dezembro;4;30;Terça-feira;False;2025-12
2025-12-31;2025;12;Dezembro;4;31;Quarta-feira;False;2025-12
2026-01-01;2026;1;Janeiro;1;1;Quinta-feira;False;2026-01
2026-01-02;2026;1;Janeiro;1;2;Sexta-feira;False;2026-01
2026-01-03;2026;1;Janeiro;1;3;Sábado;True;2026-01
2026-01-04;2026;1;Janeiro;1;4;Domingo;True;2026-01
2026-01-05;2026;1;Janeiro;1;5;Segunda-feira;False;2026-01
2026-01-06;2026;1;Janeiro;1;6;Terça-feira;False;2026-01
2026-01-07;2026;1;Janeiro;1;7;Quarta-feira;False;2026-01
2026-01-08;2026;1;Janeiro;1;8;Quinta-feira;False;2026-01
2026-01-09;2026;1;Janeiro;1;9;Sexta-feira;False;2026-01
2026-01-10;2026;1;Janeiro;1;10;Sábado;True;2026-01
2026-01-11;2026;1;Janeiro;1;11;Domingo;True;2026-01
2026-01-12;2026;1;Janeiro;1;12;Segunda-feira;False;2026-01
2026-01-13;2026;1;Janeiro;1;13;Terça-feira;False;2026-01
2026-01-14;2026;1;Janeiro;1;14;Quarta-feira;False;2026-01
2026-01-15;2026;1;Janeiro;1;15;Quinta-feira;False;2026-01
2026-01-16;2026;1;Janeiro;1;16;Sexta-feira;False;2026-01
2026-01-17;2026;1;Janeiro;1;17;Sábado;True;2026-01
2026-01-18;2026;1;Janeiro;1;18;Domingo;True;2026-01
2026-01-19;2026;1;Janeiro;1;19;Segunda-feira;False;2026-01
2026-01-20;2026;1;Janeiro;1;20;Terça-feira;False;2026-01
2026-01-21;2026;1;Janeiro;1;21;Quarta-feira;False;2026-01
2026-01-22;2026;1;Janeiro;1;22;Quinta-feira;False;2026-01
2026-01-23;2026;1;Janeiro;1;23;Sexta-feira;False;2026-01
2026-01-24;2026;1;Janeiro;1;24;Sábado;True;2026-01
2026-01-25;2026;1;Janeiro;1;25;Domingo;True;2026-01
2026-01-26;2026;1;Janeiro;1;26;Segunda-feira;False;2026-01
2026-01-27;2026;1;Janeiro;1;27;Terça-feira;False;2026-01
2026-01-28;2026;1;Janeiro;1;28;Quarta-feira;False;2026-01
2026-01-29;2026;1;Janeiro;1;29;Quinta-feira;False;2026-01
2026-01-30;2026;1;Janeiro;1;30;Sexta-feira;False;2026-01
2026-01-31;2026;1;Janeiro;1;31;Sábado;True;2026-01
2026-02-01;2026;2;Fevereiro;1;1;Domingo;True;2026-02
2026-02-02;2026;2;Fevereiro;1;2;Segunda-feira;False;2026-02
2026-02-03;2026;2;Fevereiro;1;3;Terça-feira;False;2026-02
2026-02-04;2026;2;Fevereiro;1;4;Quarta-feira;False;2026-02
2026-02-05;2026;2;Fevereiro;1;5;Quinta-feira;False;2026-02
2026-02-06;2026;2;Fevereiro;1;6;Sexta-feira;False;2026-02
2026-02-07;2026;2;Fevereiro;1;7;Sábado;True;2026-02
2026-02-08;2026;2;Fevereiro;1;8;Domingo;True;2026-02
2026-02-09;2026;2;Fevereiro;1;9;Segunda-feira;False;2026-02
2026-02-10;2026;2;Fevereiro;1;10;Terça-feira;False;2026-02
2026-02-11;2026;2;Fevereiro;1;11;Quarta-feira;False;2026-02
2026-02-12;2026;2;Fevereiro;1;12;Quinta-feira;False;2026-02
2026-02-13;2026;2;Fevereiro;1;13;Sexta-feira;False;2026-02
2026-02-14;2026;2;Fevereiro;1;14;Sábado;True;2026-02
2026-02-15;2026;2;Fevereiro;1;15;Domingo;True;2026-02
2026-02-16;2026;2;Fevereiro;1;16;Segunda-feira;False;2026-02
2026-02-17;2026;2;Fevereiro;1;17;Terça-feira;False;2026-02
2026-02-18;2026;2;Fevereiro;1;18;Quarta-feira;False;2026-02
2026-02-19;2026;2;Fevereiro;1;19;Quinta-feira;False;2026-02
2026-02-20;2026;2;Fevereiro;1;20;Sexta-feira;False;2026-02
2026-02-21;2026;2;Fevereiro;1;21;Sábado;True;2026-02
2026-02-22;2026;2;Fevereiro;1;22;Domingo;True;2026-02
2026-02-23;2026;2;Fevereiro;1;23;Segunda-feira;False;2026-02
2026-02-24;2026;2;Fevereiro;1;24;Terça-feira;False;2026-02
2026-02-25;2026;2;Fevereiro;1;25;Quarta-feira;False;2026-02
2026-02-26;2026;2;Fevereiro;1;26;Quinta-feira;False;2026-02
2026-02-27;2026;2;Fevereiro;1;27;Sexta-feira;False;2026-02
2026-02-28;2026;2;Fevereiro;1;28;Sábado;True;2026-02
2026-03-01;2026;3;Março;1;1;Domingo;True;2026-03
2026-03-02;2026;3;Março;1;2;Segunda-feira;False;2026-03
2026-03-03;2026;3;Março;1;3;Terça-feira;False;2026-03
2026-03-04;2026;3;Março;1;4;Quarta-feira;False;2026-03
2026-03-05;2026;3;Março;1;5;Quinta-feira;False;2026-03
2026-03-06;2026;3;Março;1;6;Sexta-feira;False;2026-03
2026-03-07;2026;3;Março;1;7;Sábado;True;2026-03
2026-03-08;2026;3;Março;1;8;Domingo;True;2026-03
2026-03-09;2026;3;Março;1;9;Segunda-feira;False;2026-03
2026-03-10;2026;3;Março;1;10;Terça-feira;False;2026-03
2026-03-11;2026;3;Março;1;11;Quarta-feira;False;2026-03
2026-03-12;2026;3;Março;1;12;Quinta-feira;False;2026-03
2026-03-13;2026;3;Março;1;13;Sexta-feira;False;2026-03
2026-03-14;2026;3;Março;1;14;Sábado;True;2026-03
2026-03-15;2026;3;Março;1;15;Domingo;True;2026-03
2026-03-16;2026;3;Março;1;16;Segunda-feira;False;2026-03
2026-03-17;2026;3;Março;1;17;Terça-feira;False;2026-03
2026-03-18;2026;3;Março;1;18;Quarta-feira;False;2026-03
2026-03-19;2026;3;Março;1;19;Quinta-feira;False;2026-03
2026-03-20;2026;3;Março;1;20;Sexta-feira;False;2026-03
2026-03-21;2026;3;Março;1;21;Sábado;True;2026-03
2026-03-22;2026;3;Março;1;22;Domingo;True;2026-03
2026-03-23;2026;3;Março;1;23;Segunda-feira;False;2026-03
2026-03-24;2026;3;Março;1;24;Terça-feira;False;2026-03
2026-03-25;2026;3;Março;1;25;Quarta-feira;False;2026-03
2026-03-26;2026;3;Março;1;26;Quinta-feira;False;2026-03
2026-03-27;2026;3;Março;1;27;Sexta-feira;False;2026-03
2026-03-28;2026;3;Março;1;28;Sábado;True;2026-03
2026-03-29;2026;3;Março;1;29;Domingo;True;2026-03
2026-03-30;2026;3;Março;1;30;Segunda-feira;False;2026-03
2026-03-31;2026;3;Março;1;31;Terça-feira;False;2026-03
2026-04-01;2026;4;Abril;2;1;Quarta-feira;False;2026-04
2026-04-02;2026;4;Abril;2;2;Quinta-feira;False;2026-04
2026-04-03;2026;4;Abril;2;3;Sexta-feira;False;2026-04
2026-04-04;2026;4;Abril;2;4;Sábado;True;2026-04
2026-04-05;2026;4;Abril;2;5;Domingo;True;2026-04
2026-04-06;2026;4;Abril;2;6;Segunda-feira;False;2026-04
2026-04-07;2026;4;Abril;2;7;Terça-feira;False;2026-04
2026-04-08;2026;4;Abril;2;8;Quarta-feira;False;2026-04
2026-04-09;2026;4;Abril;2;9;Quinta-feira;False;2026-04
2026-04-10;2026;4;Abril;2;10;Sexta-feira;False;2026-04
2026-04-11;2026;4;Abril;2;11;Sábado;True;2026-04
2026-04-12;2026;4;Abril;2;12;Domingo;True;2026-04
2026-04-13;2026;4;Abril;2;13;Segunda-feira;False;2026-04
2026-04-14;2026;4;Abril;2;14;Terça-feira;False;2026-04
2026-04-15;2026;4;Abril;2;15;Quarta-feira;False;2026-04
2026-04-16;2026;4;Abril;2;16;Quinta-feira;False;2026-04
2026-04-17;2026;4;Abril;2;17;Sexta-feira;False;2026-04
2026-04-18;2026;4;Abril;2;18;Sábado;True;2026-04
2026-04-19;2026;4;Abril;2;19;Domingo;True;2026-04
2026-04-20;2026;4;Abril;2;20;Segunda-feira;False;2026-04
2026-04-21;2026;4;Abril;2;21;Terça-feira;False;2026-04
2026-04-22;2026;4;Abril;2;22;Quarta-feira;False;2026-04
2026-04-23;2026;4;Abril;2;23;Quinta-feira;False;2026-04
2026-04-24;2026;4;Abril;2;24;Sexta-feira;False;2026-04
2026-04-25;2026;4;Abril;2;25;Sábado;True;2026-04
2026-04-26;2026;4;Abril;2;26;Domingo;True;2026-04
2026-04-27;2026;4;Abril;2;27;Segunda-feira;False;2026-04
2026-04-28;2026;4;Abril;2;28;Terça-feira;False;2026-04
2026-04-29;2026;4;Abril;2;29;Quarta-feira;False;2026-04
2026-04-30;2026;4;Abril;2;30;Quinta-feira;False;2026-04
2026-05-01;2026;5;Maio;2;1;Sexta-feira;False;2026-05
2026-05-02;2026;5;Maio;2;2;Sábado;True;2026-05
2026-05-03;2026;5;Maio;2;3;Domingo;True;2026-05
2026-05-04;2026;5;Maio;2;4;Segunda-feira;False;2026-05
2026-05-05;2026;5;Maio;2;5;Terça-feira;False;2026-05
2026-05-06;2026;5;Maio;2;6;Quarta-feira;False;2026-05
2026-05-07;2026;5;Maio;2;7;Quinta-feira;False;2026-05
2026-05-08;2026;5;Maio;2;8;Sexta-feira;False;2026-05
2026-05-09;2026;5;Maio;2;9;Sábado;True;2026-05
2026-05-10;2026;5;Maio;2;10;Domingo;True;2026-05
2026-05-11;2026;5;Maio;2;11;Segunda-feira;False;2026-05
2026-05-12;2026;5;Maio;2;12;Terça-feira;False;2026-05
2026-05-13;2026;5;Maio;2;13;Quarta-feira;False;2026-05
2026-05-14;2026;5;Maio;2;14;Quinta-feira;False;2026-05
2026-05-15;2026;5;Maio;2;15;Sexta-feira;False;2026-05
2026-05-16;2026;5;Maio;2;16;Sábado;True;2026-05
2026-05-17;2026;5;Maio;2;17;Domingo;True;2026-05
2026-05-18;2026;5;Maio;2;18;Segunda-feira;False;2026-05
2026-05-19;2026;5;Maio;2;19;Terça-feira;False;2026-05
2026-05-20;2026;5;Maio;2;20;Quarta-feira;False;2026-05
2026-05-21;2026;5;Maio;2;21;Quinta-feira;False;2026-05
2026-05-22;2026;5;Maio;2;22;Sexta-feira;False;2026-05
2026-05-23;2026;5;Maio;2;23;Sábado;True;2026-05
2026-05-24;2026;5;Maio;2;24;Domingo;True;2026-05
2026-05-25;2026;5;Maio;2;25;Segunda-feira;False;2026-05
2026-05-26;2026;5;Maio;2;26;Terça-feira;False;2026-05
2026-05-27;2026;5;Maio;2;27;Quarta-feira;False;2026-05
2026-05-28;2026;5;Maio;2;28;Quinta-feira;False;2026-05
2026-05-29;2026;5;Maio;2;29;Sexta-feira;False;2026-05
2026-05-30;2026;5;Maio;2;30;Sábado;True;2026-05
2026-05-31;2026;5;Maio;2;31;Domingo;True;2026-05
2026-06-01;2026;6;Junho;2;1;Segunda-feira;False;2026-06
2026-06-02;2026;6;Junho;2;2;Terça-feira;False;2026-06
2026-06-03;2026;6;Junho;2;3;Quarta-feira;False;2026-06
2026-06-04;2026;6;Junho;2;4;Quinta-feira;False;2026-06
2026-06-05;2026;6;Junho;2;5;Sexta-feira;False;2026-06
2026-06-06;2026;6;Junho;2;6;Sábado;True;2026-06
2026-06-07;2026;6;Junho;2;7;Domingo;True;2026-06
2026-06-08;2026;6;Junho;2;8;Segunda-feira;False;2026-06
2026-06-09;2026;6;Junho;2;9;Terça-feira;False;2026-06
2026-06-10;2026;6;Junho;2;10;Quarta-feira;False;2026-06
2026-06-11;2026;6;Junho;2;11;Quinta-feira;False;2026-06
2026-06-12;2026;6;Junho;2;12;Sexta-feira;False;2026-06
2026-06-13;2026;6;Junho;2;13;Sábado;True;2026-06
2026-06-14;2026;6;Junho;2;14;Domingo;True;2026-06
2026-06-15;2026;6;Junho;2;15;Segunda-feira;False;2026-06
2026-06-16;2026;6;Junho;2;16;Terça-feira;False;2026-06
2026-06-17;2026;6;Junho;2;17;Quarta-feira;False;2026-06
2026-06-18;2026;6;Junho;2;18;Quinta-feira;False;2026-06
2026-06-19;2026;6;Junho;2;19;Sexta-feira;False;2026-06
2026-06-20;2026;6;Junho;2;20;Sábado;True;2026-06
2026-06-21;2026;6;Junho;2;21;Domingo;True;2026-06
2026-06-22;2026;6;Junho;2;22;Segunda-feira;False;2026-06
2026-06-23;2026;6;Junho;2;23;Terça-feira;False;2026-06
2026-06-24;2026;6;Junho;2;24;Quarta-feira;False;2026-06
2026-06-25;2026;6;Junho;2;25;Quinta-feira;False;2026-06
2026-06-26;2026;6;Junho;2;26;Sexta-feira;False;2026-06
2026-06-27;2026;6;Junho;2;27;Sábado;True;2026-06
2026-06-28;2026;6;Junho;2;28;Domingo;True;2026-06
2026-06-29;2026;6;Junho;2;29;Segunda-feira;False;2026-06
2026-06-30;2026;6;Junho;2;30;Terça-feira;False;2026-06
